{
    "a.serban@cs.ru.nl": 0.9863417174125052,
    "christian.gut@usp.br": 0.8429089438557651,
    "stefano.dallapalma0@gmail.com": 0.6434615328709197,
    "dspadini@fb.com": 0.6221052365821571,
    "arie.vandeursen@tudelft.nl": 0.5757465422345422,
    "dspadini@meta.com": 0.5061558518740809,
    "kanghongjin@gmail.com": 0.23262628173321162,
    "ropf@itu.dk": 0.178320274913333,
    "grzegorz.lato@gmail.com": 0.12470587409658204,
    "gliptak@gmail.com": 0.11017363411345964,
    "lgtm-migrator@users.noreply.github.com": 0.11017363411345964,
    "ha.t@cybersierra.co": 0.10574593836813101,
    "9467666+k----n@users.noreply.github.com": 0.10196921455181902,
    "Lenny@codematic.com": 0.10196921455181902,
    "dtuchyna@redhat.com": 0.10196921455181902
}